,Accuracy,Precision,Recall,F1-Score,ROC AUC,MCC,Balanced Accuracy,Kappa,Sensitivity,Specificity
Train,0.9989457037427517,0.9978813559322034,1.0,0.9989395546129375,0.9999610942519536,0.9978935574726567,0.9989528795811518,0.9978913389275286,1.0,0.9979057591623036
Test,0.9541864139020537,0.9375,0.9752321981424149,0.9559939301972685,0.9837311495056427,0.9090258187110156,0.953745131329272,0.9082567431818522,0.9752321981424149,0.932258064516129
